,PLAY_MUSIC,PAUSE,STOP,NEXT,VOLUME_UP,VOLUME_DOWN,LIGHT_ON,LIGHT_OFF,WEATHER,TIME,CALL,MESSAGE,LIST_REMINDERS,TIMER:10 seconds,TIMER:30 seconds,TIMER:1 minute,ALARM:6:00 AM,ALARM:8:00 AM,ALARM:9:00 PM,TEMPERATURE:18 degrees,TEMPERATURE:22 degrees,TEMPERATURE:26 degrees,BRIGHTNESS:20 percent,BRIGHTNESS:60 percent,BRIGHTNESS:100 percent,COLOR:Red,COLOR:Blue,COLOR:Green,CREATE_REMINDER:Drink water,CREATE_REMINDER:Study,CREATE_REMINDER:Exercise,OUT_OF_SCOPE
PLAY_MUSIC,36,0,1,0,0,0,0,0,0,0,0,0,0,0,0,0,0,0,0,0,0,0,0,0,0,0,0,0,0,0,0,2
PAUSE,0,56,0,0,0,0,0,0,0,0,0,0,0,0,0,0,0,0,0,0,0,0,0,0,0,0,0,0,0,0,0,5
STOP,3,1,43,0,0,0,0,0,0,0,0,0,0,0,0,0,0,0,0,0,0,0,0,0,0,0,0,0,0,0,0,6
NEXT,0,0,0,50,0,0,0,0,0,0,0,0,0,0,0,0,0,0,0,0,0,0,0,0,0,0,0,0,0,0,0,2
VOLUME_UP,0,0,0,0,35,1,0,0,0,0,0,0,0,0,0,0,0,0,0,0,0,0,0,0,0,0,0,0,0,0,0,4
VOLUME_DOWN,0,0,1,0,2,42,0,0,0,0,0,0,0,0,0,0,0,0,0,0,0,0,0,0,0,0,0,0,0,0,0,3
LIGHT_ON,0,0,0,0,0,0,38,6,0,0,0,0,0,0,0,0,0,0,0,0,0,0,0,0,0,1,0,0,0,0,0,6
LIGHT_OFF,0,0,0,0,0,0,1,43,0,0,0,0,0,0,0,0,0,0,0,0,0,0,0,0,0,1,1,0,0,0,0,9
WEATHER,0,0,0,0,1,0,0,0,37,0,0,0,0,0,0,0,0,0,0,0,0,0,0,0,0,1,0,0,0,0,0,3
TIME,1,0,0,0,0,2,0,0,0,42,0,0,0,0,0,0,0,0,0,0,0,0,0,0,0,0,0,0,0,0,0,7
CALL,0,1,0,0,0,0,0,0,0,0,52,0,0,0,0,0,0,0,0,0,0,0,0,0,0,0,1,0,0,0,0,5
MESSAGE,0,0,0,0,0,0,0,0,0,0,0,49,0,0,0,0,0,0,0,0,0,0,0,0,0,0,0,0,0,0,0,4
LIST_REMINDERS,0,0,0,0,0,0,0,0,0,0,0,0,47,0,0,0,0,0,0,0,0,0,0,0,0,0,0,0,0,0,0,0
TIMER:10 seconds,0,0,0,0,0,0,0,0,0,0,0,0,0,48,1,0,0,0,0,0,0,0,0,0,0,0,0,0,0,0,0,0
TIMER:30 seconds,0,0,0,0,0,0,0,0,0,0,0,0,0,0,48,0,0,0,0,0,0,0,0,0,0,0,0,0,0,0,0,0
TIMER:1 minute,0,0,0,0,0,0,0,0,0,0,0,0,0,0,0,48,0,0,0,0,0,0,0,0,0,0,0,0,0,0,0,0
ALARM:6:00 AM,0,0,0,0,0,0,0,0,0,0,0,0,0,0,0,0,37,0,0,0,0,0,0,0,0,0,0,0,0,0,0,0
ALARM:8:00 AM,0,0,0,0,0,0,0,0,0,0,0,0,0,0,0,0,0,46,0,0,0,0,0,0,0,0,0,0,0,0,0,1
ALARM:9:00 PM,0,0,0,0,0,0,0,0,0,0,0,0,0,0,0,0,0,0,51,0,0,0,0,0,0,0,0,0,0,0,0,0
TEMPERATURE:18 degrees,0,0,0,0,0,0,0,0,0,0,0,0,0,0,0,0,0,0,0,42,1,0,0,0,0,0,0,0,0,0,0,0
TEMPERATURE:22 degrees,0,0,0,0,0,0,0,0,0,0,0,0,0,0,0,0,0,0,0,0,44,0,0,0,0,0,0,0,0,0,0,0
TEMPERATURE:26 degrees,0,0,0,0,0,0,0,0,0,0,0,0,0,0,0,0,0,0,0,0,0,47,0,0,0,0,0,0,0,0,0,0
BRIGHTNESS:20 percent,0,0,0,0,0,0,0,0,0,0,0,0,0,0,0,0,0,0,0,0,0,0,44,0,1,1,0,0,0,0,0,8
BRIGHTNESS:60 percent,0,0,0,0,0,0,0,0,0,0,0,0,0,0,0,0,0,0,0,0,0,0,0,52,0,0,0,0,0,0,0,0
BRIGHTNESS:100 percent,0,0,0,0,0,0,0,0,0,0,0,0,0,0,0,0,0,0,0,0,0,0,3,0,45,0,0,0,0,0,0,0
COLOR:Red,0,0,0,0,0,0,0,0,0,0,0,0,0,0,0,0,0,0,0,0,0,0,0,0,0,40,1,0,0,0,0,9
COLOR:Blue,0,2,0,0,0,0,0,0,0,0,0,0,0,0,0,0,0,0,0,0,0,0,0,0,0,1,45,2,0,0,0,6
COLOR:Green,0,0,0,0,0,0,0,0,0,0,0,0,0,0,0,0,0,0,0,0,0,0,0,0,0,1,1,47,0,0,0,7
CREATE_REMINDER:Drink water,0,0,0,0,0,0,0,0,0,0,0,0,0,0,0,0,0,0,0,0,0,0,0,0,0,0,0,0,48,0,0,0
CREATE_REMINDER:Study,0,0,0,0,0,0,0,0,0,0,0,0,0,0,0,0,0,0,0,0,0,0,0,0,0,0,0,0,0,46,0,0
CREATE_REMINDER:Exercise,0,0,0,0,0,0,0,0,0,0,0,0,0,0,0,0,0,0,0,0,0,0,0,0,0,0,0,0,0,0,49,0
OUT_OF_SCOPE,0,0,0,0,0,0,0,0,0,0,0,0,0,0,0,0,0,0,0,0,0,0,0,0,1,1,0,0,0,0,0,26
