,PLAY_MUSIC,PAUSE,STOP,NEXT,VOLUME_UP,VOLUME_DOWN,LIGHT_ON,LIGHT_OFF,WEATHER,TIME,CALL,MESSAGE,LIST_REMINDERS,TIMER,ALARM,TEMPERATURE,BRIGHTNESS,COLOR,CREATE_REMINDER,OUT_OF_SCOPE
PLAY_MUSIC,36,0,0,0,0,0,1,0,0,1,0,0,0,0,0,0,0,0,0,1
PAUSE,1,55,0,0,0,3,0,0,0,0,0,0,0,0,0,0,0,0,0,2
STOP,3,1,44,1,0,0,0,0,0,0,0,0,0,0,0,0,0,0,0,4
NEXT,0,0,0,49,1,0,0,0,0,1,0,0,0,0,0,0,0,0,0,1
VOLUME_UP,0,0,0,0,37,1,0,0,0,0,0,0,0,0,0,0,0,1,0,1
VOLUME_DOWN,0,0,0,0,4,42,0,0,0,0,0,0,0,0,0,0,0,0,0,2
LIGHT_ON,0,0,0,1,0,0,38,7,0,0,0,0,0,0,0,0,0,2,0,3
LIGHT_OFF,0,0,0,1,0,0,0,45,0,0,0,0,0,0,0,1,0,1,0,7
WEATHER,1,0,0,0,0,1,0,0,38,0,0,0,0,0,0,0,0,1,0,1
TIME,1,0,0,0,1,3,0,0,1,42,0,0,0,0,0,0,0,0,0,4
CALL,0,1,0,0,1,1,0,0,0,0,53,0,0,0,0,0,0,1,0,2
MESSAGE,0,0,0,0,0,0,0,0,0,0,0,49,0,0,0,0,0,0,0,4
LIST_REMINDERS,0,0,0,0,0,0,0,0,0,0,0,0,47,0,0,0,0,0,0,0
TIMER,0,0,0,0,0,0,0,0,0,0,0,0,0,144,0,0,0,0,0,1
ALARM,0,0,0,0,0,0,0,0,0,0,0,0,0,0,133,0,0,0,0,2
TEMPERATURE,0,0,0,0,0,0,0,0,0,0,0,0,0,0,0,134,0,0,0,0
BRIGHTNESS,0,0,0,0,0,0,0,0,0,1,0,0,0,0,0,0,146,0,0,7
COLOR,0,3,0,0,0,0,2,0,0,3,0,0,0,0,1,1,0,142,0,10
CREATE_REMINDER,0,0,0,0,0,0,0,0,0,0,0,0,0,0,0,0,0,0,143,0
OUT_OF_SCOPE,0,0,0,0,1,0,0,1,0,1,0,0,0,0,0,0,1,2,0,22
