tau,variation_bal_acc,command_acc,oos_false_accept,in_scope_false_reject,neg_misfire
0.0,0.9273523946917535,0.9265936896329684,0.21428571428571427,0.03409836065573771,0.05172413793103448
0.05,0.9273523946917535,0.9265936896329684,0.21428571428571427,0.03409836065573771,0.05172413793103448
0.1,0.9273523946917535,0.9265936896329684,0.21428571428571427,0.03409836065573771,0.05172413793103448
0.15,0.9273523946917535,0.9265936896329684,0.21428571428571427,0.03409836065573771,0.05172413793103448
0.2,0.9273523946917535,0.9265936896329684,0.21428571428571427,0.03540983606557377,0.05172413793103448
0.25,0.9267924842774198,0.9259497746297489,0.21428571428571427,0.037377049180327866,0.05172413793103448
0.3,0.9251635292239537,0.9240180296200902,0.21428571428571427,0.04131147540983607,0.034482758620689655
0.35,0.9216997566301829,0.9201545396007726,0.10714285714285714,0.049836065573770495,0.034482758620689655
0.4,0.918394285505563,0.9169349645846748,0.07142857142857142,0.057704918032786885,0.034482758620689655
0.45,0.9152239104126368,0.9130714745653574,0.07142857142857142,0.06426229508196721,0.034482758620689655
0.5,0.9080372955651299,0.9059884095299421,0.07142857142857142,0.07278688524590164,0.017241379310344827
0.55,0.9018335194413059,0.8995492594977463,0.07142857142857142,0.08131147540983606,0.008620689655172414
0.6,0.8950306170925731,0.8931101094655506,0.07142857142857142,0.09114754098360656,0.0
0.65,0.8904650207905959,0.8879587894397939,0.03571428571428571,0.10098360655737705,0.0
0.7,0.881239809697346,0.8783000643915003,0.0,0.11344262295081967,0.0
0.75,0.8692049901704312,0.866709594333548,0.0,0.12786885245901639,0.0
0.8,0.8456027586819475,0.8428847392144238,0.0,0.1540983606557377,0.0
0.85,0.7919850105573357,0.7900837089504186,0.0,0.20918032786885246,0.0
0.9,0.6864722215491412,0.6877012234385061,0.0,0.31540983606557377,0.0
0.91,0.6371508927962861,0.6381197681905988,0.0,0.3659016393442623,0.0
0.92,0.5779914145171918,0.5814552479072762,0.0,0.4249180327868852,0.0
0.93,0.49440812352398417,0.49581455247907275,0.0,0.5121311475409837,0.0
0.94,0.3831350381777224,0.3837733419188667,0.0,0.6262295081967213,0.0
0.95,0.26755235950830125,0.27044430135222153,0.0,0.741639344262295,0.0
0.96,0.13979209755514446,0.1448808757244044,0.0,0.8701639344262295,0.0
0.97,0.05584923259284876,0.061815840309079204,0.0,0.9547540983606557,0.0
0.98,0.02739539350928587,0.032839665164198326,0.0,0.9842622950819672,0.0
0.99,0.012023958519578043,0.019317450096587252,0.0,0.9986885245901639,0.0
