arch,tier,seed,params,best_epoch,stop_epoch,stop_reason,test_select_score,test_variation_bal_acc,test_real_variation_bal_acc,command_acc,oos_false_accept
bc_resnet,S,0,93750,29,30,early_stop: train loss gain 1.826% < 2% over 3 epochs and test score 0.7896 < best 0.8191 (epoch 29) and < 0.8140 (3 epochs ago),0.8191147329178156,0.9002191712660959,0.7380102945695353,0.9126716182759397,0.39473684210526316
conformer,M,0,294246,39,42,early_stop: train loss gain 1.624% < 2% over 3 epochs and test score 0.8872 < best 0.8977 (epoch 39) and < 0.8977 (3 epochs ago),0.8976576618011949,0.9522763641340395,0.8430389594683504,0.9547602970965564,0.25
conformer,M,1,294246,36,38,early_stop: train loss gain 1.404% < 2% over 3 epochs and test score 0.8827 < best 0.8925 (epoch 36) and < 0.8847 (3 epochs ago),0.8925470029356264,0.9512218569521702,0.8338721489190827,0.9529597119063695,0.3684210526315789
conformer,M,2,294246,32,37,early_stop: train loss gain 0.876% < 2% over 3 epochs and test score 0.8861 < best 0.8986 (epoch 32) and < 0.8906 (3 epochs ago),0.8986396464733231,0.9510820871332533,0.8461972058133929,0.950708980418636,0.4473684210526316
conformer,S,0,106830,31,34,early_stop: train loss gain 1.339% < 2% over 3 epochs and test score 0.8407 < best 0.8461 (epoch 31) and < 0.8461 (3 epochs ago),0.8461297415011764,0.9251385785201631,0.7671209044821895,0.9318028359216746,0.4605263157894737
crnn,M,0,282838,21,27,early_stop: train loss gain 1.916% < 2% over 3 epochs and test score 0.8560 < best 0.8601 (epoch 21) and < 0.8585 (3 epochs ago),0.8600677383288069,0.936628655001543,0.7835068216560708,0.9417060544677021,0.4868421052631579
crnn,M,1,282838,36,38,early_stop: train loss gain 0.506% < 2% over 3 epochs and test score 0.8803 < best 0.8883 (epoch 36) and < 0.8826 (3 epochs ago),0.888312355758064,0.9527739391484594,0.8238507723676686,0.9536349313526896,0.4605263157894737
crnn,M,2,282838,39,42,early_stop: train loss gain -0.435% < 2% over 3 epochs and test score 0.8765 < best 0.8794 (epoch 39) and < 0.8794 (3 epochs ago),0.8794069929920941,0.9517494222201043,0.807064563764084,0.953860004501463,0.40789473684210525
crnn,S,0,104522,26,27,early_stop: train loss gain 1.295% < 2% over 3 epochs and test score 0.8267 < best 0.8468 (epoch 26) and < 0.8333 (3 epochs ago),0.8468292546563986,0.925957804198137,0.7677007051146602,0.9297771775827144,0.5131578947368421
ds_cnn,S,0,97062,32,33,early_stop: train loss gain 1.773% < 2% over 3 epochs and test score 0.6504 < best 0.6707 (epoch 32) and < 0.6535 (3 epochs ago),0.6706509223448325,0.8264211917087824,0.5148806529808825,0.8474004051316678,0.5657894736842105
matchbox,M,0,295502,45,46,early_stop: train loss gain 0.774% < 2% over 3 epochs and test score 0.8995 < best 0.9047 (epoch 45) and < 0.9027 (3 epochs ago),0.9046781187597134,0.9570000714779251,0.8523561660415017,0.9563358091379699,0.5526315789473685
matchbox,M,1,295502,28,31,early_stop: train loss gain 1.505% < 2% over 3 epochs and test score 0.8713 < best 0.8831 (epoch 28) and < 0.8831 (3 epochs ago),0.8830754830551097,0.945402778108694,0.8207481880015255,0.9473328831870358,0.5789473684210527
matchbox,M,2,295502,22,25,early_stop: train loss gain 1.894% < 2% over 3 epochs and test score 0.8659 < best 0.8754 (epoch 22) and < 0.8754 (3 epochs ago),0.8754313533969906,0.9353358880688937,0.8155268187250875,0.9374296646410083,0.5
matchbox,S,0,98878,24,27,early_stop: train loss gain 1.670% < 2% over 3 epochs and test score 0.8303 < best 0.8448 (epoch 24) and < 0.8448 (3 epochs ago),0.844821554985739,0.9271431464582688,0.7624999635132093,0.932703128516768,0.4868421052631579
tc_resnet,S,0,106085,24,27,early_stop: train loss gain 1.202% < 2% over 3 epochs and test score 0.8000 < best 0.8179 (epoch 24) and < 0.8179 (3 epochs ago),0.8178767656016472,0.89506957461769,0.7406839565856045,0.9041188386225524,0.5789473684210527
