tau,var_bal_acc,real_var_bal_acc,in_scope_reject,oos_accept,oos_accept_gold28,oos_accept_tune_oos,neg_misfire
0.0,0.9318397500570118,0.6933148006677419,0.03081967213114754,0.1378504672897196,0.17857142857142858,0.135,0.04310344827586207
0.05,0.9318397500570118,0.6933148006677419,0.03081967213114754,0.1378504672897196,0.17857142857142858,0.135,0.04310344827586207
0.1,0.9318397500570118,0.6933148006677419,0.03081967213114754,0.1378504672897196,0.17857142857142858,0.135,0.04310344827586207
0.15,0.9318397500570118,0.6933148006677419,0.03081967213114754,0.1378504672897196,0.17857142857142858,0.135,0.04310344827586207
0.2,0.9318397500570118,0.6933148006677419,0.032131147540983604,0.12850467289719625,0.17857142857142858,0.125,0.04310344827586207
0.25,0.9318397500570118,0.6933148006677419,0.03475409836065574,0.11682242990654206,0.17857142857142858,0.1125,0.034482758620689655
0.3,0.9307199292283443,0.6887311490252668,0.038688524590163934,0.09345794392523364,0.17857142857142858,0.0875,0.02586206896551724
0.35,0.928003457880854,0.6811759047053164,0.04721311475409836,0.06542056074766354,0.10714285714285714,0.0625,0.017241379310344827
0.4,0.9238001672463335,0.6672481113657583,0.057049180327868855,0.04672897196261682,0.07142857142857142,0.045,0.017241379310344827
0.45,0.9191618719404274,0.6517641399994341,0.06557377049180328,0.03271028037383177,0.03571428571428571,0.0325,0.008620689655172414
0.5,0.9104612370457047,0.6194967886144356,0.07868852459016394,0.02336448598130841,0.03571428571428571,0.0225,0.0
0.55,0.901720217308209,0.5951114789350083,0.09114754098360656,0.011682242990654205,0.03571428571428571,0.01,0.0
0.6,0.8892120792529233,0.5738774297597826,0.10557377049180328,0.011682242990654205,0.03571428571428571,0.01,0.0
0.65,0.8775586605145793,0.5471967574908752,0.11868852459016394,0.009345794392523364,0.03571428571428571,0.0075,0.0
0.7,0.8684739655215121,0.5373928359222476,0.13114754098360656,0.004672897196261682,0.0,0.005,0.0
0.75,0.8486118382078865,0.5154196021843082,0.15344262295081967,0.004672897196261682,0.0,0.005,0.0
0.8,0.8219489711868452,0.4399209178620943,0.18098360655737705,0.002336448598130841,0.0,0.0025,0.0
0.85,0.7774804926519348,0.3640084316554905,0.2275409836065574,0.0,0.0,0.0,0.0
0.9,0.6489354170280414,0.28169368757604046,0.36,0.0,0.0,0.0,0.0
0.95,0.2312532663662186,0.06908723085193674,0.779016393442623,0.0,0.0,0.0,0.0
